,TELCEL PRO TOTAL,TELCEL PLUS TODO DESTINO 40,TELCEL PLUS TODO DESTINO 100,TELCEL PLUS TODO DESTINO 300,TELCEL PLUS TODO DESTINO 375,TELCEL PLUS TODO DESTINO 500,TELCEL PLUS TODO DESTINO 700,TELCEL PLUS TODO DESTINO 1000,TELCEL PLUS TODO DESTINO 1300,TELCEL PLUS TODO DESTINO 2000,TELCEL PLUS TODO DESTINO 3000,TELCEL PLUS TODO DESTINO 40 MPP,TELCEL PLUS TODO DESTINO 100 MPP,TELCEL PLUS TODO DESTINO 300 MPP,TELCEL PLUS TODO DESTINO 375 MPP,TELCEL PLUS TODO DESTINO 500 MPP,TELCEL PLUS TODO DESTINO 700 MPP,TELCEL PLUS TODO DESTINO 1000 MPP,TELCEL PLUS TODO DESTINO 1300 MPP,TELCEL PLUS TODO DESTINO 2000 MPP,TELCEL PLUS TODO DESTINO 3000 MPP,TELCEL PLUS TODO DESTINO CC 40,TELCEL PLUS TODO DESTINO CC 100,TELCEL PLUS TODO DESTINO CC 300,TELCEL PLUS TODO DESTINO CC 375,TELCEL PLUS TODO DESTINO CC 500,TELCEL PLUS TODO DESTINO CC 700,TELCEL PLUS TODO DESTINO CC 1000,TELCEL PLUS TODO DESTINO CC 1300,TELCEL PLUS TODO DESTINO CC 2000,TELCEL PLUS TODO DESTINO CC 3000
ALCATEL OT-6030 IDOL,SIN PAGO INICIAL,1209.00,649.00,SIN PAGO INICIAL,SIN PAGO INICIAL,SIN PAGO INICIAL,SIN PAGO INICIAL,SIN PAGO INICIAL,SIN PAGO INICIAL,SIN PAGO INICIAL,SIN PAGO INICIAL,1209.00,649.00,SIN PAGO INICIAL,SIN PAGO INICIAL,SIN PAGO INICIAL,SIN PAGO INICIAL,SIN PAGO INICIAL,SIN PAGO INICIAL,SIN PAGO INICIAL,SIN PAGO INICIAL,1209.00,649.00,SIN PAGO INICIAL,SIN PAGO INICIAL,SIN PAGO INICIAL,SIN PAGO INICIAL,SIN PAGO INICIAL,SIN PAGO INICIAL,SIN PAGO INICIAL,SIN PAGO INICIAL
BLACKBERRY 9900,4869.00,9789.00,9229.00,8209.00,7559.00,6719.00,5799.00,5609.00,5329.00,5149.00,4869.00,9789.00,9229.00,8209.00,7559.00,6719.00,5799.00,5609.00,5329.00,5149.00,4869.00,9789.00,9229.00,8209.00,7559.00,6719.00,5799.00,5609.00,5329.00,5149.00,4869.00
BLACKBERRY 8520 (GEMINI),SIN PAGO INICIAL,169.00,SIN PAGO INICIAL,SIN PAGO INICIAL,SIN PAGO INICIAL,SIN PAGO INICIAL,SIN PAGO INICIAL,SIN PAGO INICIAL,SIN PAGO INICIAL,SIN PAGO INICIAL,SIN PAGO INICIAL,169.00,SIN PAGO INICIAL,SIN PAGO INICIAL,SIN PAGO INICIAL,SIN PAGO INICIAL,SIN PAGO INICIAL,SIN PAGO INICIAL,SIN PAGO INICIAL,SIN PAGO INICIAL,SIN PAGO INICIAL,169.00,SIN PAGO INICIAL,SIN PAGO INICIAL,SIN PAGO INICIAL,SIN PAGO INICIAL,SIN PAGO INICIAL,SIN PAGO INICIAL,SIN PAGO INICIAL,SIN PAGO INICIAL,SIN PAGO INICIAL
BLACKBERRY 9380,299.00,5219.00,4659.00,3639.00,2989.00,2159.00,1229.00,1039.00,769.00,579.00,299.00,5219.00,4659.00,3639.00,2989.00,2159.00,1229.00,1039.00,769.00,579.00,299.00,5219.00,4659.00,3639.00,2989.00,2159.00,1229.00,1039.00,769.00,579.00,299.00
BLACKBERRY Q10,5119.00,10169.00,9609.00,8589.00,7939.00,7109.00,6179.00,5999.00,5719.00,5399.00,5119.00,10169.00,9609.00,8589.00,7939.00,7109.00,6179.00,5999.00,5719.00,5399.00,5119.00,10169.00,9609.00,8589.00,7939.00,7109.00,6179.00,5999.00,5719.00,5529.00,5249.00
HTC DESIRE 500,SIN PAGO INICIAL,1859.00,1299.00,279.00,SIN PAGO INICIAL,SIN PAGO INICIAL,SIN PAGO INICIAL,SIN PAGO INICIAL,SIN PAGO INICIAL,SIN PAGO INICIAL,SIN PAGO INICIAL,1859.00,1299.00,279.00,SIN PAGO INICIAL,SIN PAGO INICIAL,SIN PAGO INICIAL,SIN PAGO INICIAL,SIN PAGO INICIAL,SIN PAGO INICIAL,SIN PAGO INICIAL,1859.00,1299.00,279.00,SIN PAGO INICIAL,SIN PAGO INICIAL,SIN PAGO INICIAL,SIN PAGO INICIAL,SIN PAGO INICIAL,SIN PAGO INICIAL,SIN PAGO INICIAL
HTC LTE ONE,2409.00,7329.00,6769.00,5749.00,5099.00,4259.00,3339.00,3149.00,2869.00,2689.00,2409.00,7329.00,6769.00,5749.00,5099.00,4259.00,3339.00,3149.00,2869.00,2689.00,2409.00,7329.00,6769.00,5749.00,5099.00,4259.00,3339.00,3149.00,2869.00,2689.00,2409.00
HTC ONE S,SIN PAGO INICIAL,3749.00,3199.00,2179.00,1529.00,689.00,SIN PAGO INICIAL,SIN PAGO INICIAL,SIN PAGO INICIAL,SIN PAGO INICIAL,SIN PAGO INICIAL,3749.00,3199.00,2179.00,1529.00,689.00,SIN PAGO INICIAL,SIN PAGO INICIAL,SIN PAGO INICIAL,SIN PAGO INICIAL,SIN PAGO INICIAL,3749.00,3199.00,2179.00,1529.00,689.00,SIN PAGO INICIAL,SIN PAGO INICIAL,SIN PAGO INICIAL,SIN PAGO INICIAL,SIN PAGO INICIAL
HTC ONE X,SIN PAGO INICIAL,4459.00,3899.00,2879.00,2229.00,1399.00,469.00,279.00,SIN PAGO INICIAL,SIN PAGO INICIAL,SIN PAGO INICIAL,4459.00,3899.00,2879.00,2229.00,1399.00,469.00,279.00,SIN PAGO INICIAL,SIN PAGO INICIAL,SIN PAGO INICIAL,4459.00,3899.00,2879.00,2229.00,1399.00,469.00,279.00,SIN PAGO INICIAL,SIN PAGO INICIAL,SIN PAGO INICIAL
HUAWEI P6,SIN PAGO INICIAL,3699.00,3139.00,2119.00,1469.00,639.00,SIN PAGO INICIAL,SIN PAGO INICIAL,SIN PAGO INICIAL,SIN PAGO INICIAL,SIN PAGO INICIAL,3699.00,3139.00,2119.00,1469.00,639.00,SIN PAGO INICIAL,SIN PAGO INICIAL,SIN PAGO INICIAL,SIN PAGO INICIAL,SIN PAGO INICIAL,3699.00,3139.00,2119.00,1469.00,639.00,SIN PAGO INICIAL,SIN PAGO INICIAL,SIN PAGO INICIAL,SIN PAGO INICIAL,SIN PAGO INICIAL
LG LTE D805 G2,6589.00,11509.00,10959.00,9929.00,9279.00,8449.00,7519.00,7339.00,7059.00,6869.00,6589.00,11509.00,10959.00,9929.00,9279.00,8449.00,7519.00,7339.00,7059.00,6869.00,6589.00,11509.00,10959.00,9929.00,9279.00,8449.00,7519.00,7339.00,7059.00,6869.00,6589.00
LG P990 OPTIMUS 2X,1109.00,6029.00,5469.00,4449.00,3799.00,2969.00,2039.00,1849.00,1569.00,1389.00,1109.00,6029.00,5469.00,4449.00,3799.00,2969.00,2039.00,1849.00,1569.00,1389.00,1109.00,6029.00,5469.00,4449.00,3799.00,2969.00,2039.00,1849.00,1569.00,1389.00,1109.00
LG LTE OPTIMUS P870,839.00,5759.00,5199.00,4179.00,3529.00,2699.00,1769.00,1579.00,1299.00,1119.00,839.00,5759.00,5199.00,4179.00,3529.00,2699.00,1769.00,1579.00,1299.00,1119.00,839.00,5759.00,5199.00,4179.00,3529.00,2699.00,1769.00,1579.00,1299.00,1119.00,839.00
LG E980G LTE OPTIMUS G PRO,6039.00,10959.00,10399.00,9379.00,8729.00,7889.00,6959.00,6779.00,6499.00,6319.00,6039.00,10959.00,10399.00,9379.00,8729.00,7889.00,6959.00,6779.00,6499.00,6319.00,6039.00,10959.00,10399.00,9379.00,8729.00,7889.00,6959.00,6779.00,6499.00,6319.00,6039.00
LG E510,SIN PAGO INICIAL,2649.00,2089.00,1919.00,1269.00,429.00,SIN PAGO INICIAL,SIN PAGO INICIAL,SIN PAGO INICIAL,SIN PAGO INICIAL,SIN PAGO INICIAL,2649.00,2089.00,1919.00,1269.00,429.00,SIN PAGO INICIAL,SIN PAGO INICIAL,SIN PAGO INICIAL,SIN PAGO INICIAL,SIN PAGO INICIAL,3489.00,2939.00,1919.00,1269.00,429.00,SIN PAGO INICIAL,SIN PAGO INICIAL,SIN PAGO INICIAL,SIN PAGO INICIAL,SIN PAGO INICIAL
LG E400F (OPTIMUS L3),SIN PAGO INICIAL,2069.00,1509.00,489.00,SIN PAGO INICIAL,SIN PAGO INICIAL,SIN PAGO INICIAL,SIN PAGO INICIAL,SIN PAGO INICIAL,SIN PAGO INICIAL,SIN PAGO INICIAL,2069.00,1509.00,489.00,SIN PAGO INICIAL,SIN PAGO INICIAL,SIN PAGO INICIAL,SIN PAGO INICIAL,SIN PAGO INICIAL,SIN PAGO INICIAL,SIN PAGO INICIAL,2069.00,1509.00,489.00,SIN PAGO INICIAL,SIN PAGO INICIAL,SIN PAGO INICIAL,SIN PAGO INICIAL,SIN PAGO INICIAL,SIN PAGO INICIAL,SIN PAGO INICIAL
LG E612F (OPTIMUS L5),SIN PAGO INICIAL,3199.00,2639.00,1619.00,969.00,129.00,SIN PAGO INICIAL,SIN PAGO INICIAL,SIN PAGO INICIAL,SIN PAGO INICIAL,SIN PAGO INICIAL,3199.00,2639.00,1619.00,969.00,129.00,SIN PAGO INICIAL,SIN PAGO INICIAL,SIN PAGO INICIAL,SIN PAGO INICIAL,SIN PAGO INICIAL,3199.00,2639.00,1619.00,969.00,129.00,SIN PAGO INICIAL,SIN PAGO INICIAL,SIN PAGO INICIAL,SIN PAGO INICIAL,SIN PAGO INICIAL
LG P708 (OPTIMUS L7),SIN PAGO INICIAL,4489.00,3929.00,2909.00,2259.00,1419.00,499.00,309.00,29.00,SIN PAGO INICIAL,SIN PAGO INICIAL,4489.00,3929.00,2909.00,2259.00,1419.00,499.00,309.00,29.00,SIN PAGO INICIAL,SIN PAGO INICIAL,4489.00,3929.00,2909.00,2259.00,1419.00,499.00,309.00,29.00,SIN PAGO INICIAL,SIN PAGO INICIAL
LG P768 (OPTIMUS L9),519.00,5429.00,4879.00,3859.00,3209.00,2369.00,1439.00,1259.00,979.00,789.00,519.00,5429.00,4879.00,3859.00,3209.00,2369.00,1439.00,1259.00,979.00,789.00,519.00,5429.00,4879.00,3859.00,3209.00,2369.00,1439.00,1259.00,979.00,789.00,519.00
LG P500,SIN PAGO INICIAL,4109.00,3549.00,2529.00,1879.00,1039.00,119.00,SIN PAGO INICIAL,SIN PAGO INICIAL,SIN PAGO INICIAL,SIN PAGO INICIAL,4109.00,3549.00,2529.00,1879.00,1039.00,119.00,SIN PAGO INICIAL,SIN PAGO INICIAL,SIN PAGO INICIAL,SIN PAGO INICIAL,4109.00,3549.00,2529.00,1879.00,1039.00,119.00,SIN PAGO INICIAL,SIN PAGO INICIAL,SIN PAGO INICIAL,SIN PAGO INICIAL
LG P895 OPTIMUS VU,5049.00,9969.00,9409.00,8389.00,8359.00,6909.00,5979.00,5799.00,6129.00,5329.00,5049.00,9969.00,9409.00,8389.00,8359.00,6909.00,5979.00,5799.00,6129.00,5329.00,5049.00,10579.00,10029.00,9009.00,8359.00,7519.00,6589.00,6409.00,6129.00,5939.00,5669.00
MOTOROLA LTE XT1040 MOTO G,SIN PAGO INICIAL,2229.00,1679.00,649.00,SIN PAGO INICIAL,SIN PAGO INICIAL,SIN PAGO INICIAL,SIN PAGO INICIAL,SIN PAGO INICIAL,SIN PAGO INICIAL,SIN PAGO INICIAL,2229.00,1679.00,649.00,SIN PAGO INICIAL,SIN PAGO INICIAL,SIN PAGO INICIAL,SIN PAGO INICIAL,SIN PAGO INICIAL,SIN PAGO INICIAL,SIN PAGO INICIAL,2229.00,1679.00,649.00,SIN PAGO INICIAL,SIN PAGO INICIAL,SIN PAGO INICIAL,SIN PAGO INICIAL,SIN PAGO INICIAL,SIN PAGO INICIAL,SIN PAGO INICIAL
SAMSUNG S5360 (GALAXY Y),SIN PAGO INICIAL,2029.00,1469.00,449.00,SIN PAGO INICIAL,SIN PAGO INICIAL,SIN PAGO INICIAL,SIN PAGO INICIAL,SIN PAGO INICIAL,SIN PAGO INICIAL,SIN PAGO INICIAL,2029.00,1469.00,449.00,SIN PAGO INICIAL,SIN PAGO INICIAL,SIN PAGO INICIAL,SIN PAGO INICIAL,SIN PAGO INICIAL,SIN PAGO INICIAL,SIN PAGO INICIAL,2029.00,1469.00,449.00,SIN PAGO INICIAL,SIN PAGO INICIAL,SIN PAGO INICIAL,SIN PAGO INICIAL,SIN PAGO INICIAL,SIN PAGO INICIAL,SIN PAGO INICIAL
MOTOROLA LTE XT1058 MOTOX,SIN PAGO INICIAL,3069.00,2509.00,1489.00,839.00,SIN PAGO INICIAL,SIN PAGO INICIAL,SIN PAGO INICIAL,SIN PAGO INICIAL,SIN PAGO INICIAL,SIN PAGO INICIAL,3069.00,2509.00,1489.00,839.00,SIN PAGO INICIAL,SIN PAGO INICIAL,SIN PAGO INICIAL,SIN PAGO INICIAL,SIN PAGO INICIAL,SIN PAGO INICIAL,3069.00,2509.00,1489.00,839.00,SIN PAGO INICIAL,SIN PAGO INICIAL,SIN PAGO INICIAL,SIN PAGO INICIAL,SIN PAGO INICIAL,SIN PAGO INICIAL
MOTOROLA XT890 RAZR I,2129.00,7049.00,6489.00,5469.00,4819.00,3989.00,3059.00,2869.00,2589.00,2409.00,2129.00,7049.00,6489.00,5469.00,4819.00,3989.00,3059.00,2869.00,2589.00,2409.00,2129.00,7049.00,6489.00,5469.00,4819.00,3989.00,3059.00,2869.00,2589.00,2409.00,2129.00
NOKIA 210 ASHA,SIN PAGO INICIAL,299.00,SIN PAGO INICIAL,SIN PAGO INICIAL,SIN PAGO INICIAL,SIN PAGO INICIAL,SIN PAGO INICIAL,SIN PAGO INICIAL,SIN PAGO INICIAL,SIN PAGO INICIAL,SIN PAGO INICIAL,299.00,SIN PAGO INICIAL,SIN PAGO INICIAL,SIN PAGO INICIAL,SIN PAGO INICIAL,SIN PAGO INICIAL,SIN PAGO INICIAL,SIN PAGO INICIAL,SIN PAGO INICIAL,SIN PAGO INICIAL,299.00,SIN PAGO INICIAL,SIN PAGO INICIAL,SIN PAGO INICIAL,SIN PAGO INICIAL,SIN PAGO INICIAL,SIN PAGO INICIAL,SIN PAGO INICIAL,SIN PAGO INICIAL,SIN PAGO INICIAL
NOKIA ASHA 501 ,SIN PAGO INICIAL,SIN PAGO INICIAL,SIN PAGO INICIAL,SIN PAGO INICIAL,SIN PAGO INICIAL,SIN PAGO INICIAL,SIN PAGO INICIAL,SIN PAGO INICIAL,SIN PAGO INICIAL,SIN PAGO INICIAL,SIN PAGO INICIAL,SIN PAGO INICIAL,SIN PAGO INICIAL,SIN PAGO INICIAL,SIN PAGO INICIAL,SIN PAGO INICIAL,SIN PAGO INICIAL,SIN PAGO INICIAL,SIN PAGO INICIAL,SIN PAGO INICIAL,SIN PAGO INICIAL,SIN PAGO INICIAL,SIN PAGO INICIAL,SIN PAGO INICIAL,SIN PAGO INICIAL,SIN PAGO INICIAL,SIN PAGO INICIAL,SIN PAGO INICIAL,SIN PAGO INICIAL,SIN PAGO INICIAL,SIN PAGO INICIAL
NOKIA LTE LUMIA 1020,SIN PAGO INICIAL,4139.00,3589.00,2569.00,1919.00,1079.00,149.00,SIN PAGO INICIAL,SIN PAGO INICIAL,SIN PAGO INICIAL,SIN PAGO INICIAL,4139.00,3589.00,2569.00,1919.00,1079.00,149.00,SIN PAGO INICIAL,SIN PAGO INICIAL,SIN PAGO INICIAL,SIN PAGO INICIAL,4139.00,3589.00,2569.00,1919.00,1079.00,149.00,SIN PAGO INICIAL,SIN PAGO INICIAL,SIN PAGO INICIAL,SIN PAGO INICIAL
NOKIA LUMIA 505,SIN PAGO INICIAL,1119.00,559.00,SIN PAGO INICIAL,SIN PAGO INICIAL,SIN PAGO INICIAL,SIN PAGO INICIAL,SIN PAGO INICIAL,SIN PAGO INICIAL,SIN PAGO INICIAL,SIN PAGO INICIAL,1119.00,559.00,SIN PAGO INICIAL,SIN PAGO INICIAL,SIN PAGO INICIAL,SIN PAGO INICIAL,SIN PAGO INICIAL,SIN PAGO INICIAL,SIN PAGO INICIAL,SIN PAGO INICIAL,1119.00,559.00,SIN PAGO INICIAL,SIN PAGO INICIAL,SIN PAGO INICIAL,SIN PAGO INICIAL,SIN PAGO INICIAL,SIN PAGO INICIAL,SIN PAGO INICIAL,SIN PAGO INICIAL
NOKIA LUMIA 510,SIN PAGO INICIAL,1019.00,459.00,SIN PAGO INICIAL,SIN PAGO INICIAL,SIN PAGO INICIAL,SIN PAGO INICIAL,SIN PAGO INICIAL,SIN PAGO INICIAL,SIN PAGO INICIAL,SIN PAGO INICIAL,1019.00,459.00,SIN PAGO INICIAL,SIN PAGO INICIAL,SIN PAGO INICIAL,SIN PAGO INICIAL,SIN PAGO INICIAL,SIN PAGO INICIAL,SIN PAGO INICIAL,SIN PAGO INICIAL,1019.00,459.00,SIN PAGO INICIAL,SIN PAGO INICIAL,SIN PAGO INICIAL,SIN PAGO INICIAL,SIN PAGO INICIAL,SIN PAGO INICIAL,SIN PAGO INICIAL,SIN PAGO INICIAL
NOKIA 610 LUMIA,SIN PAGO INICIAL,609.00,49.00,SIN PAGO INICIAL,SIN PAGO INICIAL,SIN PAGO INICIAL,SIN PAGO INICIAL,SIN PAGO INICIAL,SIN PAGO INICIAL,SIN PAGO INICIAL,SIN PAGO INICIAL,609.00,49.00,SIN PAGO INICIAL,SIN PAGO INICIAL,SIN PAGO INICIAL,SIN PAGO INICIAL,SIN PAGO INICIAL,SIN PAGO INICIAL,SIN PAGO INICIAL,SIN PAGO INICIAL,609.00,49.00,SIN PAGO INICIAL,SIN PAGO INICIAL,SIN PAGO INICIAL,SIN PAGO INICIAL,SIN PAGO INICIAL,SIN PAGO INICIAL,SIN PAGO INICIAL,SIN PAGO INICIAL
NOKIA 710 LUMIA,SIN PAGO INICIAL,489.00,SIN PAGO INICIAL,SIN PAGO INICIAL,SIN PAGO INICIAL,SIN PAGO INICIAL,SIN PAGO INICIAL,SIN PAGO INICIAL,SIN PAGO INICIAL,SIN PAGO INICIAL,SIN PAGO INICIAL,489.00,SIN PAGO INICIAL,SIN PAGO INICIAL,SIN PAGO INICIAL,SIN PAGO INICIAL,SIN PAGO INICIAL,SIN PAGO INICIAL,SIN PAGO INICIAL,SIN PAGO INICIAL,SIN PAGO INICIAL,489.00,SIN PAGO INICIAL,SIN PAGO INICIAL,SIN PAGO INICIAL,SIN PAGO INICIAL,SIN PAGO INICIAL,SIN PAGO INICIAL,SIN PAGO INICIAL,SIN PAGO INICIAL,SIN PAGO INICIAL
NOKIA 720 LUMIA,SIN PAGO INICIAL,329.00,SIN PAGO INICIAL,SIN PAGO INICIAL,SIN PAGO INICIAL,SIN PAGO INICIAL,SIN PAGO INICIAL,SIN PAGO INICIAL,SIN PAGO INICIAL,SIN PAGO INICIAL,SIN PAGO INICIAL,329.00,SIN PAGO INICIAL,SIN PAGO INICIAL,SIN PAGO INICIAL,SIN PAGO INICIAL,SIN PAGO INICIAL,SIN PAGO INICIAL,SIN PAGO INICIAL,SIN PAGO INICIAL,SIN PAGO INICIAL,329.00,SIN PAGO INICIAL,SIN PAGO INICIAL,SIN PAGO INICIAL,SIN PAGO INICIAL,SIN PAGO INICIAL,SIN PAGO INICIAL,SIN PAGO INICIAL,SIN PAGO INICIAL,SIN PAGO INICIAL
NOKIA 800 LUMIA,SIN PAGO INICIAL,1229.00,679.00,SIN PAGO INICIAL,SIN PAGO INICIAL,SIN PAGO INICIAL,SIN PAGO INICIAL,SIN PAGO INICIAL,SIN PAGO INICIAL,SIN PAGO INICIAL,SIN PAGO INICIAL,1229.00,679.00,SIN PAGO INICIAL,SIN PAGO INICIAL,SIN PAGO INICIAL,SIN PAGO INICIAL,SIN PAGO INICIAL,SIN PAGO INICIAL,SIN PAGO INICIAL,SIN PAGO INICIAL,1229.00,679.00,SIN PAGO INICIAL,SIN PAGO INICIAL,SIN PAGO INICIAL,SIN PAGO INICIAL,SIN PAGO INICIAL,SIN PAGO INICIAL,SIN PAGO INICIAL,SIN PAGO INICIAL
NOKIA LUMIA 820,SIN PAGO INICIAL,1289.00,729.00,SIN PAGO INICIAL,SIN PAGO INICIAL,SIN PAGO INICIAL,SIN PAGO INICIAL,SIN PAGO INICIAL,SIN PAGO INICIAL,SIN PAGO INICIAL,SIN PAGO INICIAL,1289.00,729.00,SIN PAGO INICIAL,SIN PAGO INICIAL,SIN PAGO INICIAL,SIN PAGO INICIAL,SIN PAGO INICIAL,SIN PAGO INICIAL,SIN PAGO INICIAL,SIN PAGO INICIAL,1289.00,729.00,SIN PAGO INICIAL,SIN PAGO INICIAL,SIN PAGO INICIAL,SIN PAGO INICIAL,SIN PAGO INICIAL,SIN PAGO INICIAL,SIN PAGO INICIAL,SIN PAGO INICIAL
NOKIA LTE 900 LUMIA,SIN PAGO INICIAL,1819.00,1259.00,239.00,SIN PAGO INICIAL,SIN PAGO INICIAL,SIN PAGO INICIAL,SIN PAGO INICIAL,SIN PAGO INICIAL,SIN PAGO INICIAL,SIN PAGO INICIAL,1819.00,1259.00,239.00,SIN PAGO INICIAL,SIN PAGO INICIAL,SIN PAGO INICIAL,SIN PAGO INICIAL,SIN PAGO INICIAL,SIN PAGO INICIAL,SIN PAGO INICIAL,1819.00,1259.00,239.00,SIN PAGO INICIAL,SIN PAGO INICIAL,SIN PAGO INICIAL,SIN PAGO INICIAL,SIN PAGO INICIAL,SIN PAGO INICIAL,SIN PAGO INICIAL
NOKIA LTE LUMIA 920,SIN PAGO INICIAL,2339.00,1789.00,759.00,109.00,SIN PAGO INICIAL,SIN PAGO INICIAL,SIN PAGO INICIAL,SIN PAGO INICIAL,SIN PAGO INICIAL,SIN PAGO INICIAL,2339.00,1789.00,759.00,109.00,SIN PAGO INICIAL,SIN PAGO INICIAL,SIN PAGO INICIAL,SIN PAGO INICIAL,SIN PAGO INICIAL,SIN PAGO INICIAL,2339.00,1789.00,759.00,109.00,SIN PAGO INICIAL,SIN PAGO INICIAL,SIN PAGO INICIAL,SIN PAGO INICIAL,SIN PAGO INICIAL,SIN PAGO INICIAL
NOKIA LUMIA 925 LTE,SIN PAGO INICIAL,3069.00,2509.00,1489.00,839.00,SIN PAGO INICIAL,SIN PAGO INICIAL,SIN PAGO INICIAL,SIN PAGO INICIAL,SIN PAGO INICIAL,SIN PAGO INICIAL,3069.00,2509.00,1489.00,839.00,SIN PAGO INICIAL,SIN PAGO INICIAL,SIN PAGO INICIAL,SIN PAGO INICIAL,SIN PAGO INICIAL,SIN PAGO INICIAL,3069.00,2509.00,1489.00,839.00,SIN PAGO INICIAL,SIN PAGO INICIAL,SIN PAGO INICIAL,SIN PAGO INICIAL,SIN PAGO INICIAL,SIN PAGO INICIAL
SAMSUNG S7500L (GALAXY ACE 2),SIN PAGO INICIAL,3529.00,2969.00,1949.00,1299.00,469.00,SIN PAGO INICIAL,SIN PAGO INICIAL,SIN PAGO INICIAL,SIN PAGO INICIAL,SIN PAGO INICIAL,3529.00,2969.00,1949.00,1299.00,469.00,SIN PAGO INICIAL,SIN PAGO INICIAL,SIN PAGO INICIAL,SIN PAGO INICIAL,SIN PAGO INICIAL,3529.00,2969.00,1949.00,1299.00,469.00,SIN PAGO INICIAL,SIN PAGO INICIAL,SIN PAGO INICIAL,SIN PAGO INICIAL,SIN PAGO INICIAL
SAMSUNG S6810 GALAXY FAME,SIN PAGO INICIAL,519.00,SIN PAGO INICIAL,SIN PAGO INICIAL,SIN PAGO INICIAL,SIN PAGO INICIAL,SIN PAGO INICIAL,SIN PAGO INICIAL,SIN PAGO INICIAL,SIN PAGO INICIAL,SIN PAGO INICIAL,519.00,SIN PAGO INICIAL,SIN PAGO INICIAL,SIN PAGO INICIAL,SIN PAGO INICIAL,SIN PAGO INICIAL,SIN PAGO INICIAL,SIN PAGO INICIAL,SIN PAGO INICIAL,SIN PAGO INICIAL,649.00,99.00,SIN PAGO INICIAL,SIN PAGO INICIAL,SIN PAGO INICIAL,SIN PAGO INICIAL,SIN PAGO INICIAL,SIN PAGO INICIAL,SIN PAGO INICIAL,SIN PAGO INICIAL
SAMSUNG GT-I9250 (NEXUS),5459.00,10379.00,9819.00,8799.00,8149.00,7319.00,6389.00,6199.00,5929.00,5739.00,5459.00,10379.00,9819.00,8799.00,8149.00,7319.00,6389.00,6199.00,5929.00,5739.00,5459.00,10379.00,9819.00,8799.00,8149.00,7319.00,6389.00,6199.00,5929.00,5739.00,5459.00
SAMSUNG N900 NOTE III LTE,2699.00,7609.00,7059.00,6039.00,5389.00,4549.00,3619.00,3439.00,3159.00,2969.00,2699.00,7609.00,7059.00,6039.00,5389.00,4549.00,3619.00,3439.00,3159.00,2969.00,2699.00,7609.00,7059.00,6039.00,5389.00,4549.00,3619.00,3439.00,3159.00,2969.00,2699.00
SAMSUNG GALAXY NOTE II LTE,3789.00,9009.00,8449.00,7429.00,6779.00,5939.00,5019.00,4529.00,4549.00,4069.00,3789.00,9009.00,8449.00,7429.00,6779.00,5939.00,5019.00,4529.00,4549.00,4069.00,3789.00,9009.00,8449.00,7429.00,6779.00,5939.00,5019.00,4829.00,4549.00,4369.00,4089.00
SAMSUNG S5310 GALAXY POCKET,SIN PAGO INICIAL,SIN PAGO INICIAL,SIN PAGO INICIAL,SIN PAGO INICIAL,SIN PAGO INICIAL,SIN PAGO INICIAL,SIN PAGO INICIAL,SIN PAGO INICIAL,SIN PAGO INICIAL,SIN PAGO INICIAL,SIN PAGO INICIAL,SIN PAGO INICIAL,SIN PAGO INICIAL,SIN PAGO INICIAL,SIN PAGO INICIAL,SIN PAGO INICIAL,SIN PAGO INICIAL,SIN PAGO INICIAL,SIN PAGO INICIAL,SIN PAGO INICIAL,SIN PAGO INICIAL,SIN PAGO INICIAL,SIN PAGO INICIAL,SIN PAGO INICIAL,SIN PAGO INICIAL,SIN PAGO INICIAL,SIN PAGO INICIAL,SIN PAGO INICIAL,SIN PAGO INICIAL,SIN PAGO INICIAL,SIN PAGO INICIAL
SAMSUNG GALAXY S4 ACTIVE LTE I537,3749.00,8669.00,8119.00,7089.00,6449.00,5609.00,4679.00,4499.00,4219.00,4029.00,3749.00,8669.00,8119.00,7089.00,6449.00,5609.00,4679.00,4499.00,4219.00,4029.00,3749.00,8669.00,8119.00,7089.00,6449.00,5609.00,4679.00,4499.00,4219.00,4029.00,3749.00
SAMSUNG E2220 CHAT,SIN PAGO INICIAL,289.00,SIN PAGO INICIAL,SIN PAGO INICIAL,SIN PAGO INICIAL,SIN PAGO INICIAL,SIN PAGO INICIAL,SIN PAGO INICIAL,SIN PAGO INICIAL,SIN PAGO INICIAL,SIN PAGO INICIAL,289.00,SIN PAGO INICIAL,SIN PAGO INICIAL,SIN PAGO INICIAL,SIN PAGO INICIAL,SIN PAGO INICIAL,SIN PAGO INICIAL,SIN PAGO INICIAL,SIN PAGO INICIAL,SIN PAGO INICIAL,289.00,SIN PAGO INICIAL,SIN PAGO INICIAL,SIN PAGO INICIAL,SIN PAGO INICIAL,SIN PAGO INICIAL,SIN PAGO INICIAL,SIN PAGO INICIAL,SIN PAGO INICIAL,SIN PAGO INICIAL
SAMSUNG GALAXY S4 MINI LTE I9195,SIN PAGO INICIAL,2789.00,2229.00,1209.00,559.00,SIN PAGO INICIAL,SIN PAGO INICIAL,SIN PAGO INICIAL,SIN PAGO INICIAL,SIN PAGO INICIAL,SIN PAGO INICIAL,2789.00,2229.00,1209.00,559.00,SIN PAGO INICIAL,SIN PAGO INICIAL,SIN PAGO INICIAL,SIN PAGO INICIAL,SIN PAGO INICIAL,SIN PAGO INICIAL,2789.00,2229.00,1209.00,559.00,SIN PAGO INICIAL,SIN PAGO INICIAL,SIN PAGO INICIAL,SIN PAGO INICIAL,SIN PAGO INICIAL,SIN PAGO INICIAL
SAMSUNG LTE GALAXY S4 ZOOM,3199.00,8119.00,7559.00,6539.00,5889.00,5049.00,4129.00,3939.00,3659.00,3479.00,3199.00,8119.00,7559.00,6539.00,5889.00,5049.00,4129.00,3939.00,3659.00,3479.00,3199.00,8119.00,7559.00,6539.00,5889.00,5049.00,4129.00,3939.00,3659.00,3479.00,3199.00
SAMSUNG GALAXY I8190L SIII MINI,SIN PAGO INICIAL,2099.00,1549.00,519.00,SIN PAGO INICIAL,SIN PAGO INICIAL,SIN PAGO INICIAL,SIN PAGO INICIAL,SIN PAGO INICIAL,SIN PAGO INICIAL,SIN PAGO INICIAL,2099.00,1549.00,519.00,SIN PAGO INICIAL,SIN PAGO INICIAL,SIN PAGO INICIAL,SIN PAGO INICIAL,SIN PAGO INICIAL,SIN PAGO INICIAL,SIN PAGO INICIAL,2069.00,1519.00,499.00,SIN PAGO INICIAL,SIN PAGO INICIAL,SIN PAGO INICIAL,SIN PAGO INICIAL,SIN PAGO INICIAL,SIN PAGO INICIAL,SIN PAGO INICIAL
SAMSUNG GT-I9100 GALAXY S II,4719.00,9639.00,9079.00,8059.00,7409.00,6579.00,5649.00,5459.00,5179.00,4999.00,4719.00,9639.00,9079.00,8059.00,7409.00,6579.00,5649.00,5459.00,5179.00,4999.00,4719.00,9639.00,9079.00,8059.00,7409.00,6579.00,5649.00,5459.00,5179.00,4999.00,4719.00
SAMSUNG GALAXY S4,579.00,5499.00,4939.00,3919.00,3269.00,2439.00,1509.00,1319.00,1039.00,859.00,579.00,5499.00,4939.00,3919.00,3269.00,2439.00,1509.00,1319.00,1039.00,859.00,579.00,5499.00,4939.00,3919.00,3269.00,2439.00,1509.00,1319.00,1039.00,859.00,579.00
SONY ERICSSON ST15 XPERIA MINI,SIN PAGO INICIAL,489.00,SIN PAGO INICIAL,SIN PAGO INICIAL,SIN PAGO INICIAL,SIN PAGO INICIAL,SIN PAGO INICIAL,SIN PAGO INICIAL,SIN PAGO INICIAL,SIN PAGO INICIAL,SIN PAGO INICIAL,489.00,SIN PAGO INICIAL,SIN PAGO INICIAL,SIN PAGO INICIAL,SIN PAGO INICIAL,SIN PAGO INICIAL,SIN PAGO INICIAL,SIN PAGO INICIAL,SIN PAGO INICIAL,SIN PAGO INICIAL,489.00,SIN PAGO INICIAL,SIN PAGO INICIAL,SIN PAGO INICIAL,SIN PAGO INICIAL,SIN PAGO INICIAL,SIN PAGO INICIAL,SIN PAGO INICIAL,SIN PAGO INICIAL,SIN PAGO INICIAL
SONY C1504 XPERIA E,SIN PAGO INICIAL,1019.00,459.00,SIN PAGO INICIAL,SIN PAGO INICIAL,SIN PAGO INICIAL,SIN PAGO INICIAL,SIN PAGO INICIAL,SIN PAGO INICIAL,SIN PAGO INICIAL,SIN PAGO INICIAL,1019.00,459.00,SIN PAGO INICIAL,SIN PAGO INICIAL,SIN PAGO INICIAL,SIN PAGO INICIAL,SIN PAGO INICIAL,SIN PAGO INICIAL,SIN PAGO INICIAL,SIN PAGO INICIAL,1149.00,589.00,SIN PAGO INICIAL,SIN PAGO INICIAL,SIN PAGO INICIAL,SIN PAGO INICIAL,SIN PAGO INICIAL,SIN PAGO INICIAL,SIN PAGO INICIAL,SIN PAGO INICIAL
SONY MOBILE XPERIA L C2104,SIN PAGO INICIAL,2359.00,1809.00,779.00,129.00,SIN PAGO INICIAL,SIN PAGO INICIAL,SIN PAGO INICIAL,SIN PAGO INICIAL,SIN PAGO INICIAL,SIN PAGO INICIAL,2359.00,1809.00,779.00,129.00,SIN PAGO INICIAL,SIN PAGO INICIAL,SIN PAGO INICIAL,SIN PAGO INICIAL,SIN PAGO INICIAL,SIN PAGO INICIAL,2359.00,1809.00,779.00,129.00,SIN PAGO INICIAL,SIN PAGO INICIAL,SIN PAGO INICIAL,SIN PAGO INICIAL,SIN PAGO INICIAL,SIN PAGO INICIAL
SONY C1904 XPERIA M,SIN PAGO INICIAL,2099.00,1549.00,519.00,SIN PAGO INICIAL,SIN PAGO INICIAL,SIN PAGO INICIAL,SIN PAGO INICIAL,SIN PAGO INICIAL,SIN PAGO INICIAL,SIN PAGO INICIAL,2099.00,1549.00,519.00,SIN PAGO INICIAL,SIN PAGO INICIAL,SIN PAGO INICIAL,SIN PAGO INICIAL,SIN PAGO INICIAL,SIN PAGO INICIAL,SIN PAGO INICIAL,2099.00,1549.00,519.00,SIN PAGO INICIAL,SIN PAGO INICIAL,SIN PAGO INICIAL,SIN PAGO INICIAL,SIN PAGO INICIAL,SIN PAGO INICIAL,SIN PAGO INICIAL
SONY LT22I (XPERIA P),SIN PAGO INICIAL,1829.00,1279.00,259.00,SIN PAGO INICIAL,SIN PAGO INICIAL,SIN PAGO INICIAL,SIN PAGO INICIAL,SIN PAGO INICIAL,SIN PAGO INICIAL,SIN PAGO INICIAL,1829.00,1279.00,259.00,SIN PAGO INICIAL,SIN PAGO INICIAL,SIN PAGO INICIAL,SIN PAGO INICIAL,SIN PAGO INICIAL,SIN PAGO INICIAL,SIN PAGO INICIAL,1829.00,1279.00,259.00,SIN PAGO INICIAL,SIN PAGO INICIAL,SIN PAGO INICIAL,SIN PAGO INICIAL,SIN PAGO INICIAL,SIN PAGO INICIAL,SIN PAGO INICIAL
SONY MOBILE LTE XPERIA SP,SIN PAGO INICIAL,3069.00,2509.00,1489.00,839.00,SIN PAGO INICIAL,SIN PAGO INICIAL,SIN PAGO INICIAL,SIN PAGO INICIAL,SIN PAGO INICIAL,SIN PAGO INICIAL,3069.00,2509.00,1489.00,839.00,SIN PAGO INICIAL,SIN PAGO INICIAL,SIN PAGO INICIAL,SIN PAGO INICIAL,SIN PAGO INICIAL,SIN PAGO INICIAL,3069.00,2509.00,1489.00,839.00,SIN PAGO INICIAL,SIN PAGO INICIAL,SIN PAGO INICIAL,SIN PAGO INICIAL,SIN PAGO INICIAL,SIN PAGO INICIAL
SONY ERICSSON LT26 XPERIA S,SIN PAGO INICIAL,1389.00,839.00,SIN PAGO INICIAL,SIN PAGO INICIAL,SIN PAGO INICIAL,SIN PAGO INICIAL,SIN PAGO INICIAL,SIN PAGO INICIAL,SIN PAGO INICIAL,SIN PAGO INICIAL,1389.00,839.00,SIN PAGO INICIAL,SIN PAGO INICIAL,SIN PAGO INICIAL,SIN PAGO INICIAL,SIN PAGO INICIAL,SIN PAGO INICIAL,SIN PAGO INICIAL,SIN PAGO INICIAL,1389.00,839.00,SIN PAGO INICIAL,SIN PAGO INICIAL,SIN PAGO INICIAL,SIN PAGO INICIAL,SIN PAGO INICIAL,SIN PAGO INICIAL,SIN PAGO INICIAL,SIN PAGO INICIAL
SONY LT30P XPERIA T,SIN PAGO INICIAL,3069.00,2509.00,1489.00,839.00,SIN PAGO INICIAL,SIN PAGO INICIAL,SIN PAGO INICIAL,SIN PAGO INICIAL,SIN PAGO INICIAL,SIN PAGO INICIAL,3069.00,2509.00,1489.00,839.00,SIN PAGO INICIAL,SIN PAGO INICIAL,SIN PAGO INICIAL,SIN PAGO INICIAL,SIN PAGO INICIAL,SIN PAGO INICIAL,3069.00,2509.00,1489.00,839.00,SIN PAGO INICIAL,SIN PAGO INICIAL,SIN PAGO INICIAL,SIN PAGO INICIAL,SIN PAGO INICIAL,SIN PAGO INICIAL
SONY ST25A (XPERIA U),SIN PAGO INICIAL,1349.00,789.00,SIN PAGO INICIAL,SIN PAGO INICIAL,SIN PAGO INICIAL,SIN PAGO INICIAL,SIN PAGO INICIAL,SIN PAGO INICIAL,SIN PAGO INICIAL,SIN PAGO INICIAL,1349.00,789.00,SIN PAGO INICIAL,SIN PAGO INICIAL,SIN PAGO INICIAL,SIN PAGO INICIAL,SIN PAGO INICIAL,SIN PAGO INICIAL,SIN PAGO INICIAL,SIN PAGO INICIAL,1349.00,789.00,SIN PAGO INICIAL,SIN PAGO INICIAL,SIN PAGO INICIAL,SIN PAGO INICIAL,SIN PAGO INICIAL,SIN PAGO INICIAL,SIN PAGO INICIAL,SIN PAGO INICIAL
SONY LTE XPERIA Z1,1019.00,5929.00,5379.00,4359.00,3709.00,2869.00,1939.00,1759.00,1479.00,1289.00,1019.00,5929.00,5379.00,4359.00,3709.00,2869.00,1939.00,1759.00,1479.00,1289.00,1019.00,5929.00,5379.00,4359.00,3709.00,2869.00,1939.00,1759.00,1479.00,1289.00,1019.00
SONY XPERIA ZL,SIN PAGO INICIAL,3439.00,2879.00,1859.00,1209.00,379.00,SIN PAGO INICIAL,SIN PAGO INICIAL,SIN PAGO INICIAL,SIN PAGO INICIAL,SIN PAGO INICIAL,3439.00,2879.00,1859.00,1209.00,379.00,SIN PAGO INICIAL,SIN PAGO INICIAL,SIN PAGO INICIAL,SIN PAGO INICIAL,SIN PAGO INICIAL,3439.00,2879.00,1859.00,1209.00,379.00,SIN PAGO INICIAL,SIN PAGO INICIAL,SIN PAGO INICIAL,SIN PAGO INICIAL,SIN PAGO INICIAL
SONY C6806 XPERIA Z ULTRA,769.00,5679.00,5129.00,4109.00,3459.00,2619.00,1689.00,1509.00,1229.00,1039.00,769.00,5679.00,5129.00,4109.00,3459.00,2619.00,1689.00,1509.00,1229.00,1039.00,769.00,5679.00,5129.00,4109.00,3459.00,2619.00,1689.00,1509.00,1229.00,1039.00,769.00
SONY ST27 (XPERIA GO),SIN PAGO INICIAL,1389.00,829.00,SIN PAGO INICIAL,SIN PAGO INICIAL,SIN PAGO INICIAL,SIN PAGO INICIAL,SIN PAGO INICIAL,SIN PAGO INICIAL,SIN PAGO INICIAL,SIN PAGO INICIAL,1389.00,829.00,SIN PAGO INICIAL,SIN PAGO INICIAL,SIN PAGO INICIAL,SIN PAGO INICIAL,SIN PAGO INICIAL,SIN PAGO INICIAL,SIN PAGO INICIAL,SIN PAGO INICIAL,1389.00,829.00,SIN PAGO INICIAL,SIN PAGO INICIAL,SIN PAGO INICIAL,SIN PAGO INICIAL,SIN PAGO INICIAL,SIN PAGO INICIAL,SIN PAGO INICIAL,SIN PAGO INICIAL
SONY LTE LT28I XPERIA ION,SIN PAGO INICIAL,3069.00,2509.00,1489.00,839.00,SIN PAGO INICIAL,SIN PAGO INICIAL,SIN PAGO INICIAL,SIN PAGO INICIAL,SIN PAGO INICIAL,SIN PAGO INICIAL,3069.00,2509.00,1489.00,839.00,SIN PAGO INICIAL,SIN PAGO INICIAL,SIN PAGO INICIAL,SIN PAGO INICIAL,SIN PAGO INICIAL,SIN PAGO INICIAL,3069.00,2509.00,1489.00,839.00,SIN PAGO INICIAL,SIN PAGO INICIAL,SIN PAGO INICIAL,SIN PAGO INICIAL,SIN PAGO INICIAL,SIN PAGO INICIAL
SONY ST21 XPERIA (TIPO),SIN PAGO INICIAL,729.00,169.00,SIN PAGO INICIAL,SIN PAGO INICIAL,SIN PAGO INICIAL,SIN PAGO INICIAL,SIN PAGO INICIAL,SIN PAGO INICIAL,SIN PAGO INICIAL,SIN PAGO INICIAL,729.00,169.00,SIN PAGO INICIAL,SIN PAGO INICIAL,SIN PAGO INICIAL,SIN PAGO INICIAL,SIN PAGO INICIAL,SIN PAGO INICIAL,SIN PAGO INICIAL,SIN PAGO INICIAL,729.00,169.00,SIN PAGO INICIAL,SIN PAGO INICIAL,SIN PAGO INICIAL,SIN PAGO INICIAL,SIN PAGO INICIAL,SIN PAGO INICIAL,SIN PAGO INICIAL,SIN PAGO INICIAL
ALCATEL OT-4012A FIRE,SIN PAGO INICIAL,539.00,SIN PAGO INICIAL,SIN PAGO INICIAL,SIN PAGO INICIAL,SIN PAGO INICIAL,SIN PAGO INICIAL,SIN PAGO INICIAL,SIN PAGO INICIAL,SIN PAGO INICIAL,SIN PAGO INICIAL,539.00,SIN PAGO INICIAL,SIN PAGO INICIAL,SIN PAGO INICIAL,SIN PAGO INICIAL,SIN PAGO INICIAL,SIN PAGO INICIAL,SIN PAGO INICIAL,SIN PAGO INICIAL,SIN PAGO INICIAL,539.00,SIN PAGO INICIAL,SIN PAGO INICIAL,SIN PAGO INICIAL,SIN PAGO INICIAL,SIN PAGO INICIAL,SIN PAGO INICIAL,SIN PAGO INICIAL,SIN PAGO INICIAL,SIN PAGO INICIAL
ALCATEL OT-6012A IDOL MINI,SIN PAGO INICIAL,1139.00,579.00,SIN PAGO INICIAL,SIN PAGO INICIAL,SIN PAGO INICIAL,SIN PAGO INICIAL,SIN PAGO INICIAL,SIN PAGO INICIAL,SIN PAGO INICIAL,SIN PAGO INICIAL,1139.00,579.00,SIN PAGO INICIAL,SIN PAGO INICIAL,SIN PAGO INICIAL,SIN PAGO INICIAL,SIN PAGO INICIAL,SIN PAGO INICIAL,SIN PAGO INICIAL,SIN PAGO INICIAL,1139.00,579.00,SIN PAGO INICIAL,SIN PAGO INICIAL,SIN PAGO INICIAL,SIN PAGO INICIAL,SIN PAGO INICIAL,SIN PAGO INICIAL,SIN PAGO INICIAL,SIN PAGO INICIAL
ALCATEL OT-4016 POP C1,SIN PAGO INICIAL,349.00,SIN PAGO INICIAL,SIN PAGO INICIAL,SIN PAGO INICIAL,SIN PAGO INICIAL,SIN PAGO INICIAL,SIN PAGO INICIAL,SIN PAGO INICIAL,SIN PAGO INICIAL,SIN PAGO INICIAL,349.00,SIN PAGO INICIAL,SIN PAGO INICIAL,SIN PAGO INICIAL,SIN PAGO INICIAL,SIN PAGO INICIAL,SIN PAGO INICIAL,SIN PAGO INICIAL,SIN PAGO INICIAL,SIN PAGO INICIAL,349.00,SIN PAGO INICIAL,SIN PAGO INICIAL,SIN PAGO INICIAL,SIN PAGO INICIAL,SIN PAGO INICIAL,SIN PAGO INICIAL,SIN PAGO INICIAL,SIN PAGO INICIAL,SIN PAGO INICIAL
BLACKBERRY Z10,SIN PAGO INICIAL,3199.00,2639.00,1619.00,969.00,129.00,SIN PAGO INICIAL,SIN PAGO INICIAL,SIN PAGO INICIAL,SIN PAGO INICIAL,SIN PAGO INICIAL,3199.00,2639.00,1619.00,969.00,129.00,SIN PAGO INICIAL,SIN PAGO INICIAL,SIN PAGO INICIAL,SIN PAGO INICIAL,SIN PAGO INICIAL,3199.00,2639.00,1619.00,969.00,129.00,SIN PAGO INICIAL,SIN PAGO INICIAL,SIN PAGO INICIAL,SIN PAGO INICIAL,SIN PAGO INICIAL
BLACKBERRY 9780,2159.00,7079.00,6519.00,5499.00,4849.00,4009.00,3089.00,2899.00,2619.00,2439.00,2159.00,7079.00,6519.00,5499.00,4849.00,4009.00,3089.00,2899.00,2619.00,2439.00,2159.00,7079.00,6519.00,5499.00,4849.00,4009.00,3089.00,2899.00,2619.00,2439.00,2159.00
BLACKBERRY 9790,2079.00,6999.00,6449.00,5419.00,4769.00,3939.00,3009.00,2829.00,2549.00,2359.00,2079.00,6999.00,6449.00,5419.00,4769.00,3939.00,3009.00,2829.00,2549.00,2359.00,2079.00,6999.00,6449.00,5419.00,4769.00,3939.00,3009.00,2829.00,2549.00,2359.00,2079.00
BLACKBERRY 9900,4869.00,9789.00,9229.00,8209.00,7559.00,6719.00,5799.00,5609.00,5329.00,5149.00,4869.00,9789.00,9229.00,8209.00,7559.00,6719.00,5799.00,5609.00,5329.00,5149.00,4869.00,9789.00,9229.00,8209.00,7559.00,6719.00,5799.00,5609.00,5329.00,5149.00,4869.00
BLACKBERRY 9300,SIN PAGO INICIAL,169.00,SIN PAGO INICIAL,SIN PAGO INICIAL,SIN PAGO INICIAL,SIN PAGO INICIAL,SIN PAGO INICIAL,SIN PAGO INICIAL,SIN PAGO INICIAL,SIN PAGO INICIAL,SIN PAGO INICIAL,169.00,SIN PAGO INICIAL,SIN PAGO INICIAL,SIN PAGO INICIAL,SIN PAGO INICIAL,SIN PAGO INICIAL,SIN PAGO INICIAL,SIN PAGO INICIAL,SIN PAGO INICIAL,SIN PAGO INICIAL,169.00,SIN PAGO INICIAL,SIN PAGO INICIAL,SIN PAGO INICIAL,SIN PAGO INICIAL,SIN PAGO INICIAL,SIN PAGO INICIAL,SIN PAGO INICIAL,SIN PAGO INICIAL,SIN PAGO INICIAL
BLACKBERRY 9320,SIN PAGO INICIAL,3359.00,2809.00,1789.00,1139.00,299.00,SIN PAGO INICIAL,SIN PAGO INICIAL,SIN PAGO INICIAL,SIN PAGO INICIAL,SIN PAGO INICIAL,3359.00,2809.00,1789.00,1139.00,299.00,SIN PAGO INICIAL,SIN PAGO INICIAL,SIN PAGO INICIAL,SIN PAGO INICIAL,SIN PAGO INICIAL,3359.00,2809.00,1789.00,1139.00,299.00,SIN PAGO INICIAL,SIN PAGO INICIAL,SIN PAGO INICIAL,SIN PAGO INICIAL,SIN PAGO INICIAL
BLACKBERRY 9360,299.00,5219.00,4659.00,3639.00,2989.00,2159.00,1229.00,1039.00,769.00,579.00,299.00,5219.00,4659.00,3639.00,2989.00,2159.00,1229.00,1039.00,769.00,579.00,299.00,5219.00,4659.00,3639.00,2989.00,2159.00,1229.00,1039.00,769.00,579.00,299.00
BLACKBERRY Q10,5119.00,10169.00,9609.00,8589.00,7939.00,7109.00,6179.00,5999.00,5719.00,5399.00,5119.00,10169.00,9609.00,8589.00,7939.00,7109.00,6179.00,5999.00,5719.00,5399.00,5119.00,10169.00,9609.00,8589.00,7939.00,7109.00,6179.00,5999.00,5719.00,5529.00,5249.00
BLACKBERRY 9800 (TORCH),SIN PAGO INICIAL,1769.00,1209.00,189.00,SIN PAGO INICIAL,SIN PAGO INICIAL,SIN PAGO INICIAL,SIN PAGO INICIAL,SIN PAGO INICIAL,SIN PAGO INICIAL,SIN PAGO INICIAL,1769.00,1209.00,189.00,SIN PAGO INICIAL,SIN PAGO INICIAL,SIN PAGO INICIAL,SIN PAGO INICIAL,SIN PAGO INICIAL,SIN PAGO INICIAL,SIN PAGO INICIAL,1769.00,1209.00,189.00,SIN PAGO INICIAL,SIN PAGO INICIAL,SIN PAGO INICIAL,SIN PAGO INICIAL,SIN PAGO INICIAL,SIN PAGO INICIAL,SIN PAGO INICIAL
BLACKBERRY 9810 (TORCH),2079.00,6999.00,6449.00,5419.00,4769.00,3939.00,3009.00,2829.00,2549.00,2359.00,2079.00,6999.00,6449.00,5419.00,4769.00,3939.00,3009.00,2829.00,2549.00,2359.00,2079.00,6999.00,6449.00,5419.00,4769.00,3939.00,3009.00,2829.00,2549.00,2359.00,2079.00
HUAWEI U8180,SIN PAGO INICIAL,269.00,SIN PAGO INICIAL,SIN PAGO INICIAL,SIN PAGO INICIAL,SIN PAGO INICIAL,SIN PAGO INICIAL,SIN PAGO INICIAL,SIN PAGO INICIAL,SIN PAGO INICIAL,SIN PAGO INICIAL,269.00,SIN PAGO INICIAL,SIN PAGO INICIAL,SIN PAGO INICIAL,SIN PAGO INICIAL,SIN PAGO INICIAL,SIN PAGO INICIAL,SIN PAGO INICIAL,SIN PAGO INICIAL,SIN PAGO INICIAL,269.00,SIN PAGO INICIAL,SIN PAGO INICIAL,SIN PAGO INICIAL,SIN PAGO INICIAL,SIN PAGO INICIAL,SIN PAGO INICIAL,SIN PAGO INICIAL,SIN PAGO INICIAL,SIN PAGO INICIAL
LG LTE D855P G3,1439.00,6359.00,5799.00,4779.00,4129.00,3299.00,2369.00,2189.00,1909.00,1719.00,1439.00,6359.00,5799.00,4779.00,4129.00,3299.00,2369.00,2189.00,1909.00,1719.00,1439.00,6359.00,5799.00,4779.00,4129.00,3299.00,2369.00,2189.00,1909.00,1719.00,1439.00
LG D213 L50,SIN PAGO INICIAL,379.00,SIN PAGO INICIAL,SIN PAGO INICIAL,SIN PAGO INICIAL,SIN PAGO INICIAL,SIN PAGO INICIAL,SIN PAGO INICIAL,SIN PAGO INICIAL,SIN PAGO INICIAL,SIN PAGO INICIAL,379.00,SIN PAGO INICIAL,SIN PAGO INICIAL,SIN PAGO INICIAL,SIN PAGO INICIAL,SIN PAGO INICIAL,SIN PAGO INICIAL,SIN PAGO INICIAL,SIN PAGO INICIAL,SIN PAGO INICIAL,379.00,SIN PAGO INICIAL,SIN PAGO INICIAL,SIN PAGO INICIAL,SIN PAGO INICIAL,SIN PAGO INICIAL,SIN PAGO INICIAL,SIN PAGO INICIAL,SIN PAGO INICIAL,SIN PAGO INICIAL
LG D320F / L70,SIN PAGO INICIAL,1579.00,1029.00,SIN PAGO INICIAL,SIN PAGO INICIAL,SIN PAGO INICIAL,SIN PAGO INICIAL,SIN PAGO INICIAL,SIN PAGO INICIAL,SIN PAGO INICIAL,SIN PAGO INICIAL,1579.00,1029.00,SIN PAGO INICIAL,SIN PAGO INICIAL,SIN PAGO INICIAL,SIN PAGO INICIAL,SIN PAGO INICIAL,SIN PAGO INICIAL,SIN PAGO INICIAL,SIN PAGO INICIAL,1579.00,1029.00,SIN PAGO INICIAL,SIN PAGO INICIAL,SIN PAGO INICIAL,SIN PAGO INICIAL,SIN PAGO INICIAL,SIN PAGO INICIAL,SIN PAGO INICIAL,SIN PAGO INICIAL
LG D400 / L90,SIN PAGO INICIAL,1579.00,1029.00,SIN PAGO INICIAL,SIN PAGO INICIAL,SIN PAGO INICIAL,SIN PAGO INICIAL,SIN PAGO INICIAL,SIN PAGO INICIAL,SIN PAGO INICIAL,SIN PAGO INICIAL,1579.00,1029.00,SIN PAGO INICIAL,SIN PAGO INICIAL,SIN PAGO INICIAL,SIN PAGO INICIAL,SIN PAGO INICIAL,SIN PAGO INICIAL,SIN PAGO INICIAL,SIN PAGO INICIAL,1579.00,1029.00,SIN PAGO INICIAL,SIN PAGO INICIAL,SIN PAGO INICIAL,SIN PAGO INICIAL,SIN PAGO INICIAL,SIN PAGO INICIAL,SIN PAGO INICIAL,SIN PAGO INICIAL
LG E410 OPTIMUS L1X,SIN PAGO INICIAL,1109.00,549.00,SIN PAGO INICIAL,SIN PAGO INICIAL,SIN PAGO INICIAL,SIN PAGO INICIAL,SIN PAGO INICIAL,SIN PAGO INICIAL,SIN PAGO INICIAL,SIN PAGO INICIAL,1109.00,549.00,SIN PAGO INICIAL,SIN PAGO INICIAL,SIN PAGO INICIAL,SIN PAGO INICIAL,SIN PAGO INICIAL,SIN PAGO INICIAL,SIN PAGO INICIAL,SIN PAGO INICIAL,1109.00,549.00,SIN PAGO INICIAL,SIN PAGO INICIAL,SIN PAGO INICIAL,SIN PAGO INICIAL,SIN PAGO INICIAL,SIN PAGO INICIAL,SIN PAGO INICIAL,SIN PAGO INICIAL
LG E425F OPTIMUS L3X,SIN PAGO INICIAL,1749.00,1189.00,169.00,SIN PAGO INICIAL,SIN PAGO INICIAL,SIN PAGO INICIAL,SIN PAGO INICIAL,SIN PAGO INICIAL,SIN PAGO INICIAL,SIN PAGO INICIAL,1749.00,1189.00,169.00,SIN PAGO INICIAL,SIN PAGO INICIAL,SIN PAGO INICIAL,SIN PAGO INICIAL,SIN PAGO INICIAL,SIN PAGO INICIAL,SIN PAGO INICIAL,1749.00,1189.00,169.00,SIN PAGO INICIAL,SIN PAGO INICIAL,SIN PAGO INICIAL,SIN PAGO INICIAL,SIN PAGO INICIAL,SIN PAGO INICIAL,SIN PAGO INICIAL
LG E450F OPTIMUS L5X,SIN PAGO INICIAL,2869.00,2319.00,1289.00,649.00,SIN PAGO INICIAL,SIN PAGO INICIAL,SIN PAGO INICIAL,SIN PAGO INICIAL,SIN PAGO INICIAL,SIN PAGO INICIAL,2869.00,2319.00,1289.00,649.00,SIN PAGO INICIAL,SIN PAGO INICIAL,SIN PAGO INICIAL,SIN PAGO INICIAL,SIN PAGO INICIAL,SIN PAGO INICIAL,2869.00,2319.00,1289.00,649.00,SIN PAGO INICIAL,SIN PAGO INICIAL,SIN PAGO INICIAL,SIN PAGO INICIAL,SIN PAGO INICIAL,SIN PAGO INICIAL
MOTOROLA XT1021 MOTO E,SIN PAGO INICIAL,1239.00,679.00,SIN PAGO INICIAL,SIN PAGO INICIAL,SIN PAGO INICIAL,SIN PAGO INICIAL,SIN PAGO INICIAL,SIN PAGO INICIAL,SIN PAGO INICIAL,SIN PAGO INICIAL,1239.00,679.00,SIN PAGO INICIAL,SIN PAGO INICIAL,SIN PAGO INICIAL,SIN PAGO INICIAL,SIN PAGO INICIAL,SIN PAGO INICIAL,SIN PAGO INICIAL,SIN PAGO INICIAL,1239.00,679.00,SIN PAGO INICIAL,SIN PAGO INICIAL,SIN PAGO INICIAL,SIN PAGO INICIAL,SIN PAGO INICIAL,SIN PAGO INICIAL,SIN PAGO INICIAL,SIN PAGO INICIAL
NOKIA N500,SIN PAGO INICIAL,9.00,SIN PAGO INICIAL,SIN PAGO INICIAL,SIN PAGO INICIAL,SIN PAGO INICIAL,SIN PAGO INICIAL,SIN PAGO INICIAL,SIN PAGO INICIAL,SIN PAGO INICIAL,SIN PAGO INICIAL,9.00,SIN PAGO INICIAL,SIN PAGO INICIAL,SIN PAGO INICIAL,SIN PAGO INICIAL,SIN PAGO INICIAL,SIN PAGO INICIAL,SIN PAGO INICIAL,SIN PAGO INICIAL,SIN PAGO INICIAL,9.00,SIN PAGO INICIAL,SIN PAGO INICIAL,SIN PAGO INICIAL,SIN PAGO INICIAL,SIN PAGO INICIAL,SIN PAGO INICIAL,SIN PAGO INICIAL,SIN PAGO INICIAL,SIN PAGO INICIAL
NOKIA 302 ASHA,SIN PAGO INICIAL,899.00,339.00,SIN PAGO INICIAL,SIN PAGO INICIAL,SIN PAGO INICIAL,SIN PAGO INICIAL,SIN PAGO INICIAL,SIN PAGO INICIAL,SIN PAGO INICIAL,SIN PAGO INICIAL,899.00,339.00,SIN PAGO INICIAL,SIN PAGO INICIAL,SIN PAGO INICIAL,SIN PAGO INICIAL,SIN PAGO INICIAL,SIN PAGO INICIAL,SIN PAGO INICIAL,SIN PAGO INICIAL,899.00,339.00,SIN PAGO INICIAL,SIN PAGO INICIAL,SIN PAGO INICIAL,SIN PAGO INICIAL,SIN PAGO INICIAL,SIN PAGO INICIAL,SIN PAGO INICIAL,SIN PAGO INICIAL
NOKIA N303 GRIS,SIN PAGO INICIAL,1529.00,969.00,SIN PAGO INICIAL,SIN PAGO INICIAL,SIN PAGO INICIAL,SIN PAGO INICIAL,SIN PAGO INICIAL,SIN PAGO INICIAL,SIN PAGO INICIAL,SIN PAGO INICIAL,1529.00,969.00,SIN PAGO INICIAL,SIN PAGO INICIAL,SIN PAGO INICIAL,SIN PAGO INICIAL,SIN PAGO INICIAL,SIN PAGO INICIAL,SIN PAGO INICIAL,SIN PAGO INICIAL,1529.00,969.00,SIN PAGO INICIAL,SIN PAGO INICIAL,SIN PAGO INICIAL,SIN PAGO INICIAL,SIN PAGO INICIAL,SIN PAGO INICIAL,SIN PAGO INICIAL,SIN PAGO INICIAL
NOKIA 311 ASHA,SIN PAGO INICIAL,899.00,339.00,SIN PAGO INICIAL,SIN PAGO INICIAL,SIN PAGO INICIAL,SIN PAGO INICIAL,SIN PAGO INICIAL,SIN PAGO INICIAL,SIN PAGO INICIAL,SIN PAGO INICIAL,899.00,339.00,SIN PAGO INICIAL,SIN PAGO INICIAL,SIN PAGO INICIAL,SIN PAGO INICIAL,SIN PAGO INICIAL,SIN PAGO INICIAL,SIN PAGO INICIAL,SIN PAGO INICIAL,899.00,339.00,SIN PAGO INICIAL,SIN PAGO INICIAL,SIN PAGO INICIAL,SIN PAGO INICIAL,SIN PAGO INICIAL,SIN PAGO INICIAL,SIN PAGO INICIAL,SIN PAGO INICIAL
NOKIA C3,SIN PAGO INICIAL,589.00,29.00,SIN PAGO INICIAL,SIN PAGO INICIAL,SIN PAGO INICIAL,SIN PAGO INICIAL,SIN PAGO INICIAL,SIN PAGO INICIAL,SIN PAGO INICIAL,SIN PAGO INICIAL,589.00,29.00,SIN PAGO INICIAL,SIN PAGO INICIAL,SIN PAGO INICIAL,SIN PAGO INICIAL,SIN PAGO INICIAL,SIN PAGO INICIAL,SIN PAGO INICIAL,SIN PAGO INICIAL,589.00,29.00,SIN PAGO INICIAL,SIN PAGO INICIAL,SIN PAGO INICIAL,SIN PAGO INICIAL,SIN PAGO INICIAL,SIN PAGO INICIAL,SIN PAGO INICIAL,SIN PAGO INICIAL
NOKIA 1320 LUMIA,SIN PAGO INICIAL,3469.00,2909.00,1889.00,1239.00,399.00,SIN PAGO INICIAL,SIN PAGO INICIAL,SIN PAGO INICIAL,SIN PAGO INICIAL,SIN PAGO INICIAL,3469.00,2909.00,1889.00,1239.00,399.00,SIN PAGO INICIAL,SIN PAGO INICIAL,SIN PAGO INICIAL,SIN PAGO INICIAL,SIN PAGO INICIAL,3469.00,2909.00,1889.00,1239.00,399.00,SIN PAGO INICIAL,SIN PAGO INICIAL,SIN PAGO INICIAL,SIN PAGO INICIAL,SIN PAGO INICIAL
NOKIA LUMIA 520,SIN PAGO INICIAL,699.00,139.00,SIN PAGO INICIAL,SIN PAGO INICIAL,SIN PAGO INICIAL,SIN PAGO INICIAL,SIN PAGO INICIAL,SIN PAGO INICIAL,SIN PAGO INICIAL,SIN PAGO INICIAL,699.00,139.00,SIN PAGO INICIAL,SIN PAGO INICIAL,SIN PAGO INICIAL,SIN PAGO INICIAL,SIN PAGO INICIAL,SIN PAGO INICIAL,SIN PAGO INICIAL,SIN PAGO INICIAL,699.00,139.00,SIN PAGO INICIAL,SIN PAGO INICIAL,SIN PAGO INICIAL,SIN PAGO INICIAL,SIN PAGO INICIAL,SIN PAGO INICIAL,SIN PAGO INICIAL,SIN PAGO INICIAL
NOKIA LUMIA 625 LTE,SIN PAGO INICIAL,1139.00,579.00,SIN PAGO INICIAL,SIN PAGO INICIAL,SIN PAGO INICIAL,SIN PAGO INICIAL,SIN PAGO INICIAL,SIN PAGO INICIAL,SIN PAGO INICIAL,SIN PAGO INICIAL,1139.00,579.00,SIN PAGO INICIAL,SIN PAGO INICIAL,SIN PAGO INICIAL,SIN PAGO INICIAL,SIN PAGO INICIAL,SIN PAGO INICIAL,SIN PAGO INICIAL,SIN PAGO INICIAL,1139.00,579.00,SIN PAGO INICIAL,SIN PAGO INICIAL,SIN PAGO INICIAL,SIN PAGO INICIAL,SIN PAGO INICIAL,SIN PAGO INICIAL,SIN PAGO INICIAL,SIN PAGO INICIAL
SAMSUNG S5570,SIN PAGO INICIAL,109.00,SIN PAGO INICIAL,SIN PAGO INICIAL,SIN PAGO INICIAL,SIN PAGO INICIAL,SIN PAGO INICIAL,SIN PAGO INICIAL,SIN PAGO INICIAL,SIN PAGO INICIAL,SIN PAGO INICIAL,109.00,SIN PAGO INICIAL,SIN PAGO INICIAL,SIN PAGO INICIAL,SIN PAGO INICIAL,SIN PAGO INICIAL,SIN PAGO INICIAL,SIN PAGO INICIAL,SIN PAGO INICIAL,SIN PAGO INICIAL,109.00,SIN PAGO INICIAL,SIN PAGO INICIAL,SIN PAGO INICIAL,SIN PAGO INICIAL,SIN PAGO INICIAL,SIN PAGO INICIAL,SIN PAGO INICIAL,SIN PAGO INICIAL,SIN PAGO INICIAL
SAMSUNG S5310 GALAXY POCKET,SIN PAGO INICIAL,SIN PAGO INICIAL,SIN PAGO INICIAL,SIN PAGO INICIAL,SIN PAGO INICIAL,SIN PAGO INICIAL,SIN PAGO INICIAL,SIN PAGO INICIAL,SIN PAGO INICIAL,SIN PAGO INICIAL,SIN PAGO INICIAL,SIN PAGO INICIAL,SIN PAGO INICIAL,SIN PAGO INICIAL,SIN PAGO INICIAL,SIN PAGO INICIAL,SIN PAGO INICIAL,SIN PAGO INICIAL,SIN PAGO INICIAL,SIN PAGO INICIAL,SIN PAGO INICIAL,SIN PAGO INICIAL,SIN PAGO INICIAL,SIN PAGO INICIAL,SIN PAGO INICIAL,SIN PAGO INICIAL,SIN PAGO INICIAL,SIN PAGO INICIAL,SIN PAGO INICIAL,SIN PAGO INICIAL,SIN PAGO INICIAL
SAMSUNG LTE I747M GALAXY SIII,4159.00,9079.00,8519.00,7499.00,6849.00,6019.00,5089.00,4899.00,4629.00,4439.00,4159.00,9079.00,8519.00,7499.00,6849.00,6019.00,5089.00,4899.00,4629.00,4439.00,4159.00,9079.00,8519.00,7499.00,6849.00,6019.00,5089.00,4899.00,4629.00,4439.00,4159.00
SAMSUNG LTE G900 GALAXY S5,3069.00,7989.00,7429.00,6409.00,5759.00,4919.00,3999.00,3809.00,3529.00,3349.00,3069.00,7989.00,7429.00,6409.00,5759.00,4919.00,3999.00,3809.00,3529.00,3349.00,3069.00,7989.00,7429.00,6409.00,5759.00,4919.00,3999.00,3809.00,3529.00,3349.00,3069.00
SAMSUNG GT-B5510L (GALAXY Y PRO),SIN PAGO INICIAL,1529.00,969.00,SIN PAGO INICIAL,SIN PAGO INICIAL,SIN PAGO INICIAL,SIN PAGO INICIAL,SIN PAGO INICIAL,SIN PAGO INICIAL,SIN PAGO INICIAL,SIN PAGO INICIAL,1529.00,969.00,SIN PAGO INICIAL,SIN PAGO INICIAL,SIN PAGO INICIAL,SIN PAGO INICIAL,SIN PAGO INICIAL,SIN PAGO INICIAL,SIN PAGO INICIAL,SIN PAGO INICIAL,1529.00,969.00,SIN PAGO INICIAL,SIN PAGO INICIAL,SIN PAGO INICIAL,SIN PAGO INICIAL,SIN PAGO INICIAL,SIN PAGO INICIAL,SIN PAGO INICIAL,SIN PAGO INICIAL
SAMSUNG S5360 (GALAXY Y),SIN PAGO INICIAL,2029.00,1469.00,449.00,SIN PAGO INICIAL,SIN PAGO INICIAL,SIN PAGO INICIAL,SIN PAGO INICIAL,SIN PAGO INICIAL,SIN PAGO INICIAL,SIN PAGO INICIAL,2029.00,1469.00,449.00,SIN PAGO INICIAL,SIN PAGO INICIAL,SIN PAGO INICIAL,SIN PAGO INICIAL,SIN PAGO INICIAL,SIN PAGO INICIAL,SIN PAGO INICIAL,2029.00,1469.00,449.00,SIN PAGO INICIAL,SIN PAGO INICIAL,SIN PAGO INICIAL,SIN PAGO INICIAL,SIN PAGO INICIAL,SIN PAGO INICIAL,SIN PAGO INICIAL
SONY D2004 XPERIA E1,SIN PAGO INICIAL,1039.00,479.00,SIN PAGO INICIAL,SIN PAGO INICIAL,SIN PAGO INICIAL,SIN PAGO INICIAL,SIN PAGO INICIAL,SIN PAGO INICIAL,SIN PAGO INICIAL,SIN PAGO INICIAL,1039.00,479.00,SIN PAGO INICIAL,SIN PAGO INICIAL,SIN PAGO INICIAL,SIN PAGO INICIAL,SIN PAGO INICIAL,SIN PAGO INICIAL,SIN PAGO INICIAL,SIN PAGO INICIAL,1039.00,479.00,SIN PAGO INICIAL,SIN PAGO INICIAL,SIN PAGO INICIAL,SIN PAGO INICIAL,SIN PAGO INICIAL,SIN PAGO INICIAL,SIN PAGO INICIAL,SIN PAGO INICIAL
SONY LTE XPERIA M2,SIN PAGO INICIAL,3069.00,2509.00,1489.00,839.00,SIN PAGO INICIAL,SIN PAGO INICIAL,SIN PAGO INICIAL,SIN PAGO INICIAL,SIN PAGO INICIAL,SIN PAGO INICIAL,3069.00,2509.00,1489.00,839.00,SIN PAGO INICIAL,SIN PAGO INICIAL,SIN PAGO INICIAL,SIN PAGO INICIAL,SIN PAGO INICIAL,SIN PAGO INICIAL,3069.00,2509.00,1489.00,839.00,SIN PAGO INICIAL,SIN PAGO INICIAL,SIN PAGO INICIAL,SIN PAGO INICIAL,SIN PAGO INICIAL,SIN PAGO INICIAL
SONY D5306 T2 ULTRA,SIN PAGO INICIAL,3969.00,3409.00,2389.00,1739.00,909.00,SIN PAGO INICIAL,SIN PAGO INICIAL,SIN PAGO INICIAL,SIN PAGO INICIAL,SIN PAGO INICIAL,3969.00,3409.00,2389.00,1739.00,909.00,SIN PAGO INICIAL,SIN PAGO INICIAL,SIN PAGO INICIAL,SIN PAGO INICIAL,SIN PAGO INICIAL,3969.00,3409.00,2389.00,1739.00,909.00,SIN PAGO INICIAL,SIN PAGO INICIAL,SIN PAGO INICIAL,SIN PAGO INICIAL,SIN PAGO INICIAL
SONY Z1 COMPACT LTE,509.00,5419.00,4869.00,3849.00,3199.00,2359.00,1429.00,1249.00,969.00,779.00,509.00,5419.00,4869.00,3849.00,3199.00,2359.00,1429.00,1249.00,969.00,779.00,509.00,5419.00,4869.00,3849.00,3199.00,2359.00,1429.00,1249.00,969.00,779.00,509.00
