,DILO FACIL,DILO PRACTICO,DILO AUDAZ,DILO SEGURO,DILO FUERTE,DILO SIEMPRE,DILO TODO

iPhone 5s 16 GB,$ 8299,$ 7799,$ 7299,$ 6299,$ 4699,$ 2299,$ 799
iPhone 5s 32 GB,$ 11699,$ 10799,$ 10299,$ 9049,$ 7799,$ 5949,$ 5399
iPhone 5s 64 GB,$ 13299,$ 12399,$ 11899,$ 10649,$ 9349,$ 7549,$ 6999
Huawei Y320,$ 1099,$ 599,INCLUIDO,INCLUIDO,INCLUIDO,INCLUIDO,INCLUIDO
Alcatel Pop C5,$ 1599,$ 1099,INCLUIDO,INCLUIDO,INCLUIDO,INCLUIDO,INCLUIDO
Moto G Forte,$ 2349,$ 1599,$ 1199,INCLUIDO,INCLUIDO,INCLUIDO,INCLUIDO
Huawei Y530,$ 1899,$ 949,$ 699,INCLUIDO,INCLUIDO,INCLUIDO,INCLUIDO
Samsung Galaxy Grand Neo,$ 3399,$ 2549,$ 2049,$ 849,INCLUIDO,INCLUIDO,INCLUIDO
Alcatel Pop C7,$ 1649,$ 999,$ 799,INCLUIDO,INCLUIDO,INCLUIDO,INCLUIDO
Huawei G730,$ 2149,$ 1399,$ 999,INCLUIDO,INCLUIDO,INCLUIDO,INCLUIDO
iPhone 4s 8 GB,$ 5099,$ 4199,$ 3549,$ 2349,$ 499,INCLUIDO,INCLUIDO
LG G Pro Lite,$ 4899,$ 3849,$ 3349,$ 2199,INCLUIDO,INCLUIDO,INCLUIDO
iPhone 5c 8 GB,$ 6089,$ 5459,$ 4829,$ 3709,$ 2319,$ 599,INCLUIDO
LG G2 mini,$ 5699,$ 4649,$ 4149,$ 2999,INCLUIDO,INCLUIDO,INCLUIDO
LG L70,$ 3699,$ 2649,$ 2149,$ 999,INCLUIDO,INCLUIDO,INCLUIDO
ZTE Blade G Plus,$ 1049,$ 499,INCLUIDO,INCLUIDO,INCLUIDO,INCLUIDO,INCLUIDO
ZTE Blade L2,$ 1999,$ 1049,$ 799,INCLUIDO,INCLUIDO,INCLUIDO,INCLUIDO
Alcatel Idol Alpha,$ 3149,$ 2249,$ 1799,$ 599,INCLUIDO,INCLUIDO,INCLUIDO
Motorola Moto E,$ 1799,$ 849,$ 599,INCLUIDO,INCLUIDO,INCLUIDO,INCLUIDO
IQ 180,$ 1499,$ 999,$ 599,INCLUIDO,INCLUIDO,INCLUIDO,INCLUIDO
Huawei G630,$ 2349,$ 1599,$ 1199,$ 599,INCLUIDO,INCLUIDO,INCLUIDO
Samsung Galaxy S5,$ 8899,$ 8399,$ 7899,$ 6899,$ 5799,$ 3599,$ 2199
Alcatel Pop 8,$499
LG G3,$ 9499,$ 8899,$ 8199,$ 6999,$ 5599,$ 5399,$ 3099
Motorola Moto G2,$ 2849,$ 2099,$ 1699,$ 799,$ 499,INCLUIDO,INCLUIDO
Motorola G Ferrari,$ 3449,$ 2699,$ 2299,$ 1099,$ 899,INCLUIDO,INCLUIDO
Alcatel Idol 2 mini,$ 2199,$ 1299,$ 849,INCLUIDO,INCLUIDO,INCLUIDO,INCLUIDO
iPhone 6 16GB,$ 10799,$ 10099,$ 9499,$ 7999,$ 7199,$ 4399,$ 2699
iPhone 6 64GB,$ 12899,$ 12199,$ 11399,$ 10399,$ 8399,$ 6199,$ 5699
iPhone 6 128GB,$ 14699,$ 13999,$ 13299,$ 11899,$ 10299,$ 8299,$ 7499
iPhone 6 Plus 16GB,$ 12899,$ 12199,$ 11399,$ 10399,$ 8399,$ 6199,$ 5699
iPhone 6 Plus 64GB,$ 14699,$ 13999,$ 13299,$ 11899,$ 10299,$ 8299,$ 7499
iPhone 6 Plus 128GB,$ 16599,$ 15799,$ 15199,$ 13999,$ 12299,$ 9899,$ 9099
LG L80 Plus Bello,$ 2399,$ 1999,$ 1599,$ 899,INCLUIDO,INCLUIDO,INCLUIDO
Samsung Galaxy Grand Neo Plus,$ 2199,$ 1799,$ 1399,$ 699,INCLUIDO,INCLUIDO,INCLUIDO
LG L70 Plus Fino,$ 2099,$ 1699,$ 1299,$ 499,INCLUIDO,INCLUIDO,INCLUIDO
Huawei Y520,$ 399,INCLUIDO,INCLUIDO,INCLUIDO,INCLUIDO,INCLUIDO,INCLUIDO
Samsung Galaxy Ace 4,$ 599,$ 199,INCLUIDO,INCLUIDO,INCLUIDO,INCLUIDO,INCLUIDO
ZTE Blade L3 Plus,$ 1099,$ 699,$ 299,INCLUIDO,INCLUIDO,INCLUIDO,INCLUIDO
Samsung Galaxy S6 32GB,$ 10499,$ 9999,$ 9599,$ 8699,$ 7599,$ 5599,$ 4299
Samsung Galaxy S6 Edge 32GB,$ 12599,$ 12099,$ 11599,$ 10799,$ 9699,$ 7699,$ 6399
Samsung Galaxy S6 Edge 64GB,$ 13999,$ 13599,$ 13099,$ 12199,$ 11099,$ 9099,$ 7799
Samsung Galaxy E5,$ 2799,$ 2299,$ 1799,$ 899,INCLUIDO,INCLUIDO,INCLUIDO
Huawei G7,$ 2799,$ 2299,$ 1799,$ 899,INCLUIDO,INCLUIDO,INCLUIDO
